Nombre,Oraciones
Oración de la Cruz,"Por la señal de la Santa Cruz, de nuestros enemigos líbranos Señor Dios Nuestro. En el nombre del Padre, del Hijo y del Espíritu Santo. Amén."
Acto de constricción,"Señor mío Jesucristo, Dios y hombre verdadero, Creador, Padre y Redentor mío. Por ser Tú quién eres, Bondad infinita, y porque te amo sobre todas las cosas, me pesa de todo corazón haberte ofendido. También me pesa que puedes castigarme con las penas del infierno. Ayudado de tu divina gracia propongo firmemente nunca más pecar, confesarme y cumplir la penitencia que me fuere impuesta. Amén."
Ábreme los ojos,"Señor, ábreme los labios. Y mi boca proclamará tu alabanza."
Auxilo,"Dios mío, ven en mi auxilio. Señor, date prisa en socorrerme."
Gloria,"Gloria al Padre y al Hijo y al Espíritu Santo. Como era en el principio, ahora y siempre, por los siglos de los siglos. Amén."
Padre nuestro,"Padre nuestro, que estás en el cielo, santificado sea tu Nombre; venga a nosotros tu reino; hágase tu voluntad en la tierra como en el cielo. Danos hoy nuestro pan de cada día; perdona nuestras ofensas como también nosotros perdonamos a los que nos ofenden; no nos dejes caer en la tentación y líbranos del mal. Amén."
Avemaria,"Dios te salve, María, llena eres de gracia; el Señor es contigo, bendita Tú eres entre todas las mujeres y bendito es el fruto de tu vientre, Jesús. Santa María, Madre de Dios, ruega por nosotros, pecadores, ahora y en la hora de nuestra muerte. Amén."
"Maria, madre de gracia","María, Madre de gracia, Madre de misericordia. Defiéndenos de nuestros enemigos y ampáranos ahora y en la hora de nuestra muerte. Amén."
"Oh, Jesús mío","Oh Jesús mío, perdónanos. Líbranos del fuego del infierno, lleva a todas las almas al cielo, especialmente a las más necesitadas."
Letanies a la Santísima Virgen,FALTA
Cordero de Dios,"Cordero de Dios, que quitas el pecado del mundo. Perdónanos, Señor. Cordero de Dios, que quitas el pecado del mundo. Escúchanos, Señor. Cordero de Dios, que quitas el pecado del mundo. Ten piedad de nosotros. Ruega por nosotros, Santa Madre de Dios. Para que seamos dignos de alcanzar las promesas de Nuestro Señor Jesucristo. Amén."
Pedimos,"Te pedimos, Señor, nos concedas a nosotros tus siervos, gozar de perpetua salud de alma y cuerpo, y por la gloriosa intercesión de la bienaventurada siempre Virgen María, seamos librados de las tristezas presentes y gocemos de la eterna alegría. Por Jesucristo, nuestro Señor. Amén."
Una Salve a la Virgen,"Dios te salve, Reina y Madre de misericordia, vida, dulzura y esperanza nuestra; Dios te salve. A Ti llamamos los desterrados hijos de Eva; a Ti suspiramos, gimiendo y llorando, en este valle de lágrimas. Ea, pues, Señora, abogada nuestra, vuelve a nosotros esos tus ojos misericordiosos; y después de este destierro muéstranos a Jesús, fruto bendito de tu vientre. ¡Oh clementísima, oh piadosa, oh dulce Virgen María! Ruega por nosotros, Santa Madre de Dios. Para que seamos dignos de alcanzar las promesas de Nuestro Señor Jesucristo. Amén."
Jacaculatoria,Ave María Purísima. Sin pecado concebida.
