Nom,Oracions
Oració de la Creu,"Per la senyal de la Santa Creu, dels nostres enemics lliura-nos Senyor, Deu nostre. En el nom del Pare i del Fill i de l'Espirit Sant. Amén."
Acte de constricció,"Déu meu, em penedisc de tot cor de tots els meus pecats i els avorrisc, perquè al pecar, no sols meresc les penes establides per tu justament, sinó principalment perquè et vaig ofendre, a tu sumisc Bé i digne d'amor per damunt de totes les coses. Per això propose fermament, amb ajuda de la teua gràcia, no pecar més d'ara en avant i fugir de tota ocasió de pecat. Amén."
Obrim els ulls,"Senyor, obrim els llabis i la meua boca proclamarà la teua alabança."
Auxili,"Déu meu, vine al meu auxili. Senyor, dona't pressa en ajudar-me."
Gloria,"Gloria al Pare, i al Fill, i a l'Espirit Sant. Com era en el principi, ara i sempre, pels sigles dels sigles. Amén."
Pare nostre,"Pare nostre, que estàs en el cel. Santificat siga el teu nom. Viga a nosatres el teu regne. Faça’s la teua voluntat, aixina en la terra com en el cel. El nostre pa de cada dia dona-nos-el hui. I perdona’ns les nostres culpes, aixina com nosatres perdonem als qui nos ofenen. I no nos deixes caure en la tentació. Sino lliura’ns del mal. Amén."
Avemaria,"Deu te salve Maria, plena eres de gracia, El Senyor està en tu, beneida tu eres, entre totes les dones, i beneit es el frut del teu ventre Jesus. Santa Maria Mare de Deu, prega per nosatros pecadors, ara i en l'hora de la nostra mort. Amén."
"Maria, mare de gracia","Maria, Mare de gràcia, Mare de misericòrdia, defèn-nos de la nostra enemiga i empara'ns ara i a l'hora de la nostra mort. Amén."
"Oh, Jesús meu","Oh, Jesús meu, perdona'ns, lliura'ns de les flames del infern, dugues totes les ànimes al cel, especialment a les més necessitades. Amén."
Letanies a la Santíssima Verge,"Senyor, tin pietat. 
 Crist, tin pietat. 
 Senyor, tin pietat. 
 Crist, sent-nos. 
 Crist, escolta'ns. 
 
  Déu Pare Celestial, tin misericòrdia de nosaltres. Déu, Fill Redemptor del món, tin misericòrdia de nosaltres. Déu, Esperit Sant, tin misericòrdia de nosaltres. Trinitat Santa, un sol Déu. 
 
 Santa Maria, prega per nosaltres... 
 Santa Mare de Déu. Santa Mare de Déu de les Verges. Mare de Crist Rei. Mare de l'Església. Mare de la divina gràcia. Mare puríssima. Mare castíssima. Mare i verge.Mare santa. Mare immaculada. Mare amable Mare admirable. Mare del bon consell. Mare del Creador. Mare del Salvador. Mare dels Desamparados. (1) Verge prudentísima. Verge digna de veneració. Verge digna d'alabança. Verge poderosa. Verge clement. Verge fidel. Ideal de santedat. Tron de la saviesa. Causa de la nostra alegria. Temple de l'Esperit Sant. Honor dels pobles Model d'entrega a Déu. Rosa triada. Fort com a torre de David. Bella com a torre de marfil. Casa d'or. Arca de la Nova Aliança. Porta del Cel. Estrela del matí. Salut dels malalts. Refugi dels pecadors. Consuelo dels afligits. Auxili dels cristians. Reina dels Ángels. Reina dels Patriarques. Reina dels Profetes. Reina dels Apòstols. Reina dels Màrtirs. Reina dels Confessors. Reina de les Verges. Reina de tots els Santos. Reina concebuda sense pecat original. Reina Asunta al cel. Reina del Sant Rosario. Reina de la família. Reina de la pau. Amén"
Corder de Déu,"Anyell de Déu que lleves el pecat del món. Perdona'ns, Senyor. Anyell de Déu que lleves el pecat del món. Escolta'ns, Senyor. Anyell de Déu que lleves el pecat del món. Tin misericòrdia de nosaltres. Prega per nosaltres, Santes Mare de Déu. Perquè siguem dignes d'aconseguir les promeses de Crist. Amén"
Demane'm,"Oh Déu, el Fill del qual ens va obtindre la salvació eterna per mitjà de la seua vida, mort i resurrecció: concedix-nos als que meditem estos misteris en el Rosari de la Mare de Déu, imitar el que ens ensenya i aconseguir el que promet. Per Jesucrist nostre senyor. Amén"
Una Salve a la Verge,"Déu et salve, Reina i Mare de misericòrdia, vida, dolçor i esperança nostra; Déu et salve. A tu cridem els desterrats fills d'Eva; a Tu suspirem, gemint i plorant, es esta vall de llàgrimes. Senyora, abogà nostra, torna a nosaltres eixos ulls teus misericordiosos; i despés d'este desterrament monstra'ns a Jesús fruit beneït del teu ventre. Oh clementíssima, oh piadosa, oh dolça verge Maria! Prega per nosaltres, Santa Mare de Déu. Per a que sigam dignes d'arribar a les promeses de Nostre Senyor Jesucrist. Amén."
Jacaculatòria,"Ave Maria puríssima, sense pecat concevuda."
